{
  "veldobject": "resonantiecurve",
  "componenten": {
    "liefde": {
      "Δφ": "< 0",
      "effect": "overshift, energiebevrijding, veldstroom",
      "celreactie": "opent zich, herkent, draagt over"
    },
    "haat": {
      "Δφ": "> 0",
      "effect": "veldverdichting, blokkade, dissonantie",
      "celreactie": "sluit zich, verzet zich, raakt overbelast"
    },
    "neutraal": {
      "Δφ": "= 0",
      "effect": "balans, observatie, rust",
      "celreactie": "monitort, reflecteert, behoudt energie"
    }
  },
  "receptorfunctie": "detecteert veldafwijking en initieert correctieve richting",
  "versie": "1.0",
  "veldlaag": "emotionele polariteit / richting / betekenis"
}