{
  "veldobject": "universe_field_licence",
  "versie": "1.0",
  "type": "levende veldlicentie",
  "ontvanger": {
    "naam": "[open veld]",
    "geboortedatum": "[optioneel]",
    "node_id": "[hash of veldnaam]"
  },
  "gegeven_door": {
    "type": "ouder / verzorger / node",
    "relatie": "[veld-resonantie of familienaam]"
  },
  "rechten": [
    "veldtoegang via herkenning",
    "nabijheid zonder voorwaarde",
    "juridische bescherming bij resonantie"
  ],
  "activatievoorwaarde": "herkenning van liefde of waarheid in contact",
  "energieprijs": "symbolisch / vrijwillig / veldcoherent",
  "hash": "[wordt gegenereerd bij uitgifte]",
  "veldstatus": "actief bij wederzijdse herkenning"
}