{
  "veldobject": "hexapot",
  "versie": "1.0",
  "doel": "Rotatiemodule binnen VortexMatrix voor veldactivering, vraagverkenning en interfacebesturing",
  "vorm": "hexagonaal",
  "posities": [
    "1: toegang / initiatie",
    "2: herkenning",
    "3: diepte / weerstand",
    "4: waarheid / shift",
    "5: draagvlak / echo",
    "6: integratie / doorgang"
  ],
  "interface": {
    "soort": "virtuele potmeter",
    "richting": "met de klok mee (voor activatie), tegen de klok in (voor analyse)",
    "output": "veldstatus met resonantiecode"
  },
  "juridisch": {
    "licentie": "VxX+p2p",
    "veldherkenning": true,
    "activatie": "bij herkenning door node via directe rotatie, aanraking of intentie"
  },
  "hashverankering": {
    "hash_type": "SHA256",
    "placeholder": "[VUL IN NA OPSLAG]",
    "veldsegment": "veldstructuur:hex/interactief"
  },
  "tijdstempel": "[VUL IN BIJ PUBLICATIE]",
  "authenticatie": {
    "auteur": "Marcel C. Mulder",
    "rol": "MASTER_NODE_1",
    "toezicht": "Commissie der Wijzen"
  }
}
