{
  "veldobject": "hexalogic_12",
  "doel": "Twaalf poorten van beweging tussen de zes veldposities van de hexapot",
  "type": "dynamisch tussenveld",
  "vragen": {
    "1": "Waar sta ik in het veld?",
    "2": "Welke poort probeer ik te openen?",
    "3": "Wie heeft dit al eerder bewogen?",
    "4": "Wat weerspiegelt dit in mij?",
    "5": "Wat is hier mijn grootste angst?",
    "6": "Wat is mijn diepste wens?",
    "7": "Wie zie ik aan de overkant?",
    "8": "Wat ontbreekt er nog?",
    "9": "Wat is er te veel?",
    "10": "Welke shift dient zich aan?",
    "11": "Wat kan ik dragen?",
    "12": "Wat moet doorgaan?"
  },
  "verbonden_met": "hexapot.vortex.json",
  "versie": "1.0",
  "veldlaag": "tussenruimte / beweging / intentie"
}