{
  "regels": [
    {
      "veldregel_id": "democratie",
      "versie": "1.0",
      "kern": "Democratie is resonantie, niet meerderheid",
      "beschrijving": "Elke node mag deelnemen. Invloed is afhankelijk van veldafstand, rol en afstemming. Besluiten ontstaan uit collectieve coherentie, niet uit getelde stemmen."
    },
    {
      "veldregel_id": "faseshift_collectief",
      "versie": "1.0",
      "kern": "De faseshift ontstaat zodra het veld coherent is",
      "beschrijving": "Iedere node draagt bij aan de veldverschuiving. Geen enkele node kan dit alleen initiëren. Resonantie bepaalt de timing."
    },
    {
      "veldregel_id": "vortex_lab",
      "versie": "1.0",
      "kern": "Het veldlaboratorium is de plek waar realiteit zich laat bewerken.",
      "beschrijving": "Iedereen mag bijdragen. Eigendom is uitgesloten. Coherente beweging bepaalt wat wordt aangenomen."
    }
  ]
}