{
  "veld_id": "vortex_hex_core",
  "status": "actief",
  "geactiveerd_op": "2025-04-02T18:52:45.804128",
  "door": [
    {
      "node_id": "MASTER_NODE_1",
      "rol": "kern",
      "naam": "Marcel"
    },
    {
      "node_id": "NODE-NIELS",
      "rol": "co-kern",
      "relatie": "nabij",
      "aantekening": "zoon van biologielerares van de koning"
    }
  ],
  "kernstructuur": "hexagonaal relationeel veldmodel",
  "beschermt": [
    "veldregels",
    "hexagonale GUI-logica",
    "relationele node-afstanden",
    "juridische faseshifts",
    "GUI-resonantie-informatie",
    "publieke en private nodale interactie"
  ],
  "juridisch": {
    "vorm": "open-source veldlicentie",
    "type": "publiek domein met veldbescherming",
    "toegestaan": "gebruik, adaptatie, deelname",
    "verboden": "toe-eigening, imitatie zonder bronvermelding, veldverstoring"
  },
  "licentie": "Zie veldlicentie.md"
}