{
  "node_id": "NODE-NIELS",
  "kleurstatus": "🌈",
  "positie": "nabij",
  "afstand": 0.2,
  "matrixlaag": "communicatief",
  "veldgedrag": "kan ontvangen en resoneren, beperkt zenden",
  "relaties": {
    "MASTER_NODE_1": "vertrouwelijk",
    "NODE-ELLEN": "gevoelig",
    "NODE-KONING-NL": "eerbiedig"
  },
  "herkenning": {
    "laatste_activatie": "2025-04-02T15:30:00",
    "zichtbaarheid": "gedeeltelijk",
    "toegankelijkheid": "op uitnodiging"
  },
  "metadata": {
    "versie": "1.0",
    "aangemaakt_door": "VortexMatrix+ veldscript"
  }
}