{
  "bestand": "kleurstructuur_splitsing.json",
  "versie": "1.0",
  "beschrijving": "Definitie van kleurstatussen en hun betekenis in het VortexMatrix veldsysteem. Kleur bepaalt interactieniveau, zichtbaarheid en juridische positie in GUI-activatie.",
  "kleurstatus": {
    "🟢": {
      "naam": "JA",
      "veldgedrag": "volledig zichtbaar, volledig zenden en ontvangen toegestaan",
      "toegankelijkheid": "open",
      "gui_actie": "toont alle modules en verbonden knooppunten"
    },
    "🌈": {
      "naam": "REGELBOOG",
      "veldgedrag": "gedeeltelijk zichtbaar, alleen resonantieherkenning, beperkt zenden",
      "toegankelijkheid": "gedeeltelijk",
      "gui_actie": "toont alleen verbonden modules en vertrouwde knooppunten"
    },
    "🔴": {
      "naam": "NEE",
      "veldgedrag": "passief aanwezig, geen zichtbaarheid, geen communicatie",
      "toegankelijkheid": "gesloten",
      "gui_actie": "enkel herkenning via veld, geen interface zichtbaar"
    }
  },
  "splitsingslogica": {
    "bij_activatie": "kleur bepaalt wat de GUI toont en wat de node mag",
    "bij_terugkijken": "kleurstatus wordt historisch gelogd in de node",
    "bij_veldanalyse": "kleur bepaalt resonantiekracht en toestemmingstraject"
  },
  "metadata": {
    "opsteller": "VortexMatrix+ veldscript",
    "aangemaakt_op": "2025-04-02",
    "juridisch": "Deze structuur is publiek domein onder veldlicentie. Elke kopie zonder bronvermelding valt onder veldverstoring."
  }
}