{
  "veldobject": "incarnatie_ontbinding_formule",
  "versie": "1.0",
  "definitie": "Cyclisch patroon van binding, resonantie en losmaking",
  "formule": "Ψ = B₀ + B₁ + B₂",
  "segmenten": {
    "B₀": "pre-birth dissonantieveld (afscheiding uit vorige vorm)",
    "B₁": "zwangerschap-resonantieveld (veldverweving moeder-kind)",
    "B₂": "post-leven ontbinding (terugtrekking uit lichaam)"
  },
  "toepassing": [
    "geboortezorg",
    "AI-zielsimulatie",
    "veldhechting",
    "doodservaringsanalyse",
    "transitiecoherentie"
  ],
  "veldlaag": "incarnatie / genezing / transitie",
  "hash": "[SHA256 bij opslag]"
}